cell_id,centroid_x,centroid_y,reddot,blackdot,score
1,533.75,698.67,3,7,2.3333
2,305.28,351.50,0,0,0.0000
3,547.75,456.47,2,5,2.5000
4,571.14,214.76,NaN,NaN,NaN
5,706.10,327.57,NaN,NaN,NaN
6,845.87,417.80,NaN,NaN,NaN
7,462.88,816.26,0,0,0.0000
8,145.76,159.20,2,5,2.5000
9,838.28,192.95,NaN,NaN,NaN
10,396.48,563.16,NaN,NaN,NaN
11,62.43,861.60,0,0,0.0000
12,501.78,328.54,NaN,NaN,NaN
13,258.90,797.82,NaN,NaN,NaN
14,814.62,306.68,NaN,NaN,NaN
15,684.93,447.46,NaN,NaN,NaN
16,229.48,107.76,2,5,2.5000
17,791.29,839.45,NaN,NaN,NaN
18,303.09,154.77,3,6,2.0000
19,86.84,499.29,3,8,2.6667
20,808.79,691.94,0,0,0.0000
21,595.59,353.21,3,5,0.0000
22,435.47,240.03,2,5,2.5000
23,593.76,99.46,NaN,NaN,NaN
24,262.08,481.64,NaN,NaN,NaN
25,803.95,558.44,NaN,NaN,NaN
26,640.71,597.10,2,3,0.0000
27,697.24,645.31,NaN,NaN,NaN
28,855.96,60.31,3,9,3.0000
29,857.15,605.50,0,0,0.0000
30,102.63,625.81,0,0,0.0000
31,482.01,177.82,NaN,NaN,NaN
32,690.55,189.88,NaN,NaN,NaN
33,508.44,563.41,0,0,0.0000
34,372.20,132.71,NaN,NaN,NaN
35,197.04,353.33,0,0,0.0000
36,864.61,816.57,2,3,0.0000
37,754.47,638.92,NaN,NaN,NaN
38,419.95,727.72,3,9,3.0000
39,529.08,58.91,NaN,NaN,NaN
40,696.77,745.71,3,4,0.0000
41,774.88,479.74,0,0,0.0000
42,186.57,737.37,0,0,0.0000
43,383.95,413.26,0,0,0.0000
44,805.70,91.37,NaN,NaN,NaN
45,589.02,607.01,NaN,NaN,NaN
46,457.03,573.55,0,0,0.0000
47,337.30,479.12,3,4,0.0000
48,303.37,225.58,NaN,NaN,NaN
49,146.23,610.03,0,0,0.0000
50,161.61,804.79,3,2,0.0000
51,452.49,486.26,2,5,2.5000
52,198.81,655.05,0,0,0.0000
53,810.65,770.28,0,0,0.0000
54,658.49,527.25,NaN,NaN,NaN
55,190.34,854.41,NaN,NaN,NaN
56,595.21,891.77,2,2,0.0000
57,322.39,742.36,NaN,NaN,NaN
58,368.21,229.78,NaN,NaN,NaN
59,418.48,160.09,4,5,0.0000
60,650.31,840.30,NaN,NaN,NaN
61,583.92,798.11,0,0,0.0000
62,105.57,707.30,0,0,0.0000
63,27.45,780.52,0,0,0.0000
64,367.68,364.48,0,0,0.0000
65,52.73,617.16,NaN,NaN,NaN
66,414.55,317.68,0,0,0.0000
67,710.02,136.75,NaN,NaN,NaN
68,886.10,266.06,0,0,0.0000
69,492.82,110.51,0,0,0.0000
70,126.41,425.20,0,0,0.0000
71,145.89,723.74,0,0,0.0000
72,162.13,678.02,0,0,0.0000
73,638.90,318.94,0,0,0.0000
74,649.01,226.35,NaN,NaN,NaN
75,208.57,570.01,0,0,0.0000
76,727.80,550.35,NaN,NaN,NaN
77,776.99,176.37,3,3,0.0000
78,713.36,524.86,NaN,NaN,NaN
79,1467.10,864.84,NaN,NaN,NaN
80,1021.25,698.21,2,2,0.0000
81,1143.93,406.23,3,4,0.0000
82,1043.17,320.55,NaN,NaN,NaN
83,1247.71,300.67,2,9,4.5000
84,1354.02,601.03,NaN,NaN,NaN
85,1202.60,652.47,NaN,NaN,NaN
86,901.80,713.66,NaN,NaN,NaN
87,937.10,319.82,2,3,0.0000
88,1026.09,813.53,3,0,0.0000
89,1037.04,160.61,NaN,NaN,NaN
90,1146.06,732.26,NaN,NaN,NaN
91,1257.75,833.78,NaN,NaN,NaN
92,1469.15,316.99,0,0,0.0000
93,918.52,543.44,NaN,NaN,NaN
94,1100.25,242.64,2,5,2.5000
95,1017.54,426.51,NaN,NaN,NaN
96,1325.77,749.70,0,0,0.0000
97,1064.38,73.75,NaN,NaN,NaN
98,1244.28,709.71,2,4,2.0000
99,1250.20,136.03,3,5,0.0000
100,1171.70,814.88,0,0,0.0000
101,1055.78,521.01,NaN,NaN,NaN
102,918.86,871.05,NaN,NaN,NaN
103,1431.53,497.95,0,0,0.0000
104,987.94,497.07,NaN,NaN,NaN
105,1475.86,249.28,0,0,0.0000
106,1197.33,525.94,NaN,NaN,NaN
107,947.21,50.60,2,6,3.0000
108,929.19,787.60,NaN,NaN,NaN
109,932.68,440.04,NaN,NaN,NaN
110,1451.79,397.96,0,0,0.0000
111,1218.63,437.76,NaN,NaN,NaN
112,1622.72,807.82,NaN,NaN,NaN
113,1109.67,569.93,0,0,0.0000
114,1404.35,314.86,0,0,0.0000
115,1279.87,416.96,0,0,0.0000
116,1292.47,515.21,0,0,0.0000
117,1389.26,385.98,NaN,NaN,NaN
118,1174.25,589.70,NaN,NaN,NaN
119,1385.98,531.14,NaN,NaN,NaN
120,1232.11,16.58,NaN,NaN,NaN
121,1218.21,213.51,0,0,0.0000
122,997.38,576.46,NaN,NaN,NaN
123,1335.43,821.84,NaN,NaN,NaN
124,1609.85,697.65,NaN,NaN,NaN
125,1169.34,173.33,0,0,0.0000
126,916.23,384.66,NaN,NaN,NaN
127,1138.92,778.48,3,6,2.0000
128,934.16,11.00,0,0,0.0000
129,1139.43,890.43,0,0,0.0000
130,1083.72,772.92,NaN,NaN,NaN
131,1525.91,260.56,0,0,0.0000
132,962.02,841.11,NaN,NaN,NaN
133,912.02,488.37,0,0,0.0000
134,1047.85,868.17,NaN,NaN,NaN
135,1001.84,46.28,0,0,0.0000
136,2236.45,814.19,0,0,0.0000
137,2097.40,805.69,NaN,NaN,NaN
138,1938.35,892.22,NaN,NaN,NaN
139,2006.83,746.54,NaN,NaN,NaN
140,2324.02,779.43,0,0,0.0000
141,1685.24,849.75,NaN,NaN,NaN
142,1907.83,823.19,NaN,NaN,NaN
143,1685.42,735.69,NaN,NaN,NaN
144,1845.32,615.26,2,2,0.0000
145,2067.21,695.81,2,3,0.0000
146,1990.63,807.87,NaN,NaN,NaN
147,2221.46,706.84,NaN,NaN,NaN
148,1736.46,772.78,NaN,NaN,NaN
149,2279.42,869.70,NaN,NaN,NaN
150,1823.08,860.85,0,0,0.0000
151,2149.32,751.25,2,4,2.0000
152,2411.91,767.10,0,0,0.0000
153,1923.21,686.27,NaN,NaN,NaN
154,2166.77,831.16,0,0,0.0000
155,1766.72,808.27,NaN,NaN,NaN
156,2297.63,728.67,0,0,0.0000
157,1666.78,658.53,0,0,0.0000
158,2343.21,692.51,0,0,0.0000
159,2020.32,642.04,0,0,0.0000
160,1935.78,644.62,NaN,NaN,NaN
161,1708.48,677.29,0,0,0.0000
162,1858.27,730.39,0,0,0.0000
163,1842.51,806.03,NaN,NaN,NaN
164,1988.00,693.16,0,0,0.0000
165,1883.05,641.29,NaN,NaN,NaN
166,1828.60,766.64,NaN,NaN,NaN
167,1790.64,742.36,0,0,0.0000
168,2291.55,691.83,0,0,0.0000
169,2129.31,703.12,NaN,NaN,NaN
170,2090.69,894.46,0,0,0.0000
171,2623.60,769.98,NaN,NaN,NaN
172,2517.59,744.52,2,4,2.0000
173,2851.31,859.32,NaN,NaN,NaN
174,2713.94,799.85,3,5,0.0000
175,3001.00,701.52,NaN,NaN,NaN
176,2606.12,860.99,0,0,0.0000
177,2666.04,887.66,NaN,NaN,NaN
178,2492.69,814.41,0,0,0.0000
179,2480.62,687.20,0,0,0.0000
180,2694.73,718.33,0,0,0.0000
181,2642.37,698.93,0,0,0.0000
182,2556.95,792.49,NaN,NaN,NaN
183,2868.80,803.87,NaN,NaN,NaN
184,2529.99,890.07,0,0,0.0000
185,2453.41,855.88,0,0,0.0000
186,2449.75,805.48,0,0,0.0000
187,2768.32,794.11,0,0,0.0000
188,2501.60,867.00,NaN,NaN,NaN
189,545.08,921.03,NaN,NaN,NaN
190,292.74,1517.86,NaN,NaN,NaN
191,437.61,1176.37,2,3,0.0000
192,698.85,904.96,NaN,NaN,NaN
193,188.25,1252.93,2,2,0.0000
194,302.11,1321.41,NaN,NaN,NaN
195,279.02,1224.12,0,0,0.0000
196,382.82,1136.27,0,0,0.0000
197,397.68,1368.94,NaN,NaN,NaN
198,345.38,1368.29,NaN,NaN,NaN
199,327.88,1184.96,0,0,0.0000
200,322.84,1441.00,NaN,NaN,NaN
201,236.74,1546.33,NaN,NaN,NaN
202,408.98,1415.26,0,0,0.0000
203,370.63,1215.20,0,0,0.0000
204,409.48,1274.61,NaN,NaN,NaN
205,346.69,1283.22,0,0,0.0000
206,191.28,1322.04,NaN,NaN,NaN
207,330.25,1132.82,0,0,0.0000
208,351.17,1542.13,NaN,NaN,NaN
209,1377.37,1043.52,NaN,NaN,NaN
210,1602.01,1211.02,0,0,0.0000
211,1475.91,1077.52,NaN,NaN,NaN
212,1430.09,1452.16,NaN,NaN,NaN
213,1576.87,931.65,NaN,NaN,NaN
214,1618.65,1040.52,NaN,NaN,NaN
215,1205.12,961.63,NaN,NaN,NaN
216,1591.18,1108.26,2,4,2.0000
217,1321.92,1086.40,NaN,NaN,NaN
218,1650.84,902.05,NaN,NaN,NaN
219,1545.74,1024.57,2,3,0.0000
220,1448.66,1009.17,0,0,0.0000
221,1639.38,955.42,0,0,0.0000
222,1517.19,1405.56,0,0,0.0000
223,1531.19,1552.18,0,0,0.0000
224,1650.98,1499.70,NaN,NaN,NaN
225,1416.61,1117.90,3,5,0.0000
226,1276.57,956.95,NaN,NaN,NaN
227,1504.68,971.59,2,5,2.5000
228,1249.30,1000.79,NaN,NaN,NaN
229,1453.03,960.68,NaN,NaN,NaN
230,1124.49,994.43,0,0,0.0000
231,958.32,938.87,0,0,0.0000
232,1522.99,928.68,NaN,NaN,NaN
233,1241.24,931.32,2,4,2.0000
234,1615.25,1613.82,0,0,0.0000
235,1539.79,1084.01,2,6,3.0000
236,2424.67,923.70,NaN,NaN,NaN
237,1765.40,1092.47,4,4,0.0000
238,1923.33,1458.19,NaN,NaN,NaN
239,1714.28,1368.36,NaN,NaN,NaN
240,2400.86,1245.65,0,0,0.0000
241,2325.71,1482.65,NaN,NaN,NaN
242,1878.90,1259.74,NaN,NaN,NaN
243,1716.82,1200.36,NaN,NaN,NaN
244,2234.37,1462.79,2,2,0.0000
245,2002.16,1541.87,NaN,NaN,NaN
246,2431.24,1094.53,NaN,NaN,NaN
247,1784.22,1339.23,0,0,0.0000
248,2042.53,1084.17,NaN,NaN,NaN
249,2082.79,1199.32,NaN,NaN,NaN
250,2315.01,1336.20,NaN,NaN,NaN
251,1965.17,1116.83,3,4,0.0000
252,2131.35,1268.70,2,8,4.0000
253,2259.22,1091.18,0,0,0.0000
254,2277.60,1244.56,2,3,0.0000
255,2329.44,1174.50,NaN,NaN,NaN
256,2166.04,940.28,0,0,0.0000
257,2018.66,988.37,2,7,3.5000
258,2394.73,1538.07,0,0,0.0000
259,2195.38,1051.54,0,0,0.0000
260,1809.84,1566.02,0,0,0.0000
261,2112.20,1096.44,NaN,NaN,NaN
262,2290.40,993.80,NaN,NaN,NaN
263,1914.72,997.42,NaN,NaN,NaN
264,1885.61,1342.02,0,0,0.0000
265,2366.06,962.95,NaN,NaN,NaN
266,2072.06,1652.26,NaN,NaN,NaN
267,2020.51,1373.43,NaN,NaN,NaN
268,2159.93,1609.75,NaN,NaN,NaN
269,2087.33,960.85,0,0,0.0000
270,1852.40,1175.42,2,4,2.0000
271,1698.32,1023.84,NaN,NaN,NaN
272,1707.42,949.39,0,0,0.0000
273,2153.62,1001.82,NaN,NaN,NaN
274,2220.15,1560.90,NaN,NaN,NaN
275,1734.44,1592.62,NaN,NaN,NaN
276,1999.08,1280.62,0,0,0.0000
277,1790.98,1506.19,0,0,0.0000
278,1810.81,966.63,3,5,0.0000
279,2253.04,935.91,NaN,NaN,NaN
280,1982.36,944.21,0,0,0.0000
281,2409.01,1340.15,NaN,NaN,NaN
282,2328.59,1579.53,0,0,0.0000
283,2166.94,1147.83,NaN,NaN,NaN
284,1711.82,1499.40,NaN,NaN,NaN
285,1926.81,1577.82,NaN,NaN,NaN
286,2036.30,1440.50,NaN,NaN,NaN
287,1902.93,1101.13,0,0,0.0000
288,1750.01,911.86,NaN,NaN,NaN
289,1997.07,1187.12,NaN,NaN,NaN
290,2239.09,1362.64,0,0,0.0000
291,1866.41,936.10,0,0,0.0000
292,2143.82,1358.54,NaN,NaN,NaN
293,1679.61,1551.94,NaN,NaN,NaN
294,2339.75,1098.87,0,0,0.0000
295,1792.12,1169.38,0,0,0.0000
296,2188.31,1381.18,NaN,NaN,NaN
297,2328.30,1047.14,0,0,0.0000
298,1853.74,1012.63,2,3,0.0000
299,2123.73,1421.95,0,0,0.0000
300,2143.64,1493.62,0,0,0.0000
301,2083.20,1518.59,NaN,NaN,NaN
302,2428.57,1163.69,NaN,NaN,NaN
303,1811.16,1626.82,NaN,NaN,NaN
304,2199.23,1251.14,0,0,0.0000
305,1665.82,1257.32,NaN,NaN,NaN
306,2429.26,1563.69,0,0,0.0000
307,2397.26,1407.41,NaN,NaN,NaN
308,2125.87,1554.69,0,0,0.0000
309,2233.13,1219.24,NaN,NaN,NaN
310,2332.00,1618.44,0,0,0.0000
311,2057.37,1262.07,NaN,NaN,NaN
312,2385.54,1036.95,0,0,0.0000
313,1760.38,1013.62,0,0,0.0000
314,2060.71,1336.38,NaN,NaN,NaN
315,1860.07,1061.28,0,0,0.0000
316,2239.50,1170.16,NaN,NaN,NaN
317,2107.67,1320.21,0,0,0.0000
318,1929.88,1180.46,0,0,0.0000
319,2531.72,1452.37,2,3,0.0000
320,2832.21,1305.94,0,0,0.0000
321,2973.65,1540.95,NaN,NaN,NaN
322,3006.62,1142.33,NaN,NaN,NaN
323,2573.39,1278.64,NaN,NaN,NaN
324,3147.84,1580.15,NaN,NaN,NaN
325,2801.76,1204.12,3,5,0.0000
326,2880.21,1424.05,NaN,NaN,NaN
327,2795.04,1479.40,NaN,NaN,NaN
328,2717.45,1330.64,0,0,0.0000
329,2586.08,1055.32,2,3,0.0000
330,2814.08,1024.77,0,0,0.0000
331,2685.07,1649.14,0,0,0.0000
332,2867.65,1593.62,0,0,0.0000
333,3188.15,1067.05,3,3,0.0000
334,2737.17,1077.52,NaN,NaN,NaN
335,2650.46,1375.52,NaN,NaN,NaN
336,2743.71,900.98,NaN,NaN,NaN
337,2775.64,1129.01,2,3,0.0000
338,2794.24,943.31,0,0,0.0000
339,2791.32,1398.42,NaN,NaN,NaN
340,3126.53,1104.31,NaN,NaN,NaN
341,2642.24,1024.31,2,3,0.0000
342,2895.80,1492.88,NaN,NaN,NaN
343,2948.45,1199.16,NaN,NaN,NaN
344,3114.98,1214.51,NaN,NaN,NaN
345,2616.17,957.49,NaN,NaN,NaN
346,2707.43,1021.95,0,0,0.0000
347,3020.99,1239.39,NaN,NaN,NaN
348,2892.57,941.30,0,0,0.0000
349,2486.03,1150.34,NaN,NaN,NaN
350,3005.05,1016.77,0,0,0.0000
351,2950.48,953.92,0,0,0.0000
352,2555.41,922.03,NaN,NaN,NaN
353,2922.84,1546.76,0,0,0.0000
354,2432.64,1447.06,NaN,NaN,NaN
355,2697.14,961.77,2,1,0.0000
356,2930.26,1248.13,NaN,NaN,NaN
357,2852.19,1102.05,0,0,0.0000
358,3131.08,1341.82,2,5,2.5000
359,2728.22,1588.77,NaN,NaN,NaN
360,2473.53,1594.83,0,0,0.0000
361,3065.89,1382.02,NaN,NaN,NaN
362,3112.65,982.76,0,0,0.0000
363,3041.60,1627.16,3,4,0.0000
364,3119.31,1404.10,NaN,NaN,NaN
365,2965.59,1402.52,NaN,NaN,NaN
366,2706.91,1235.62,NaN,NaN,NaN
367,2515.33,1640.60,0,0,0.0000
368,3045.55,1068.14,0,0,0.0000
369,3047.35,1330.77,0,0,0.0000
370,3169.18,1274.02,2,4,2.0000
371,2720.07,1400.47,NaN,NaN,NaN
372,2683.32,1548.89,NaN,NaN,NaN
373,2937.27,1085.00,0,0,0.0000
374,3176.86,954.66,NaN,NaN,NaN
375,2873.66,1160.79,NaN,NaN,NaN
376,3084.93,1529.01,4,7,0.0000
377,3103.13,1481.04,NaN,NaN,NaN
378,2536.51,985.38,3,2,0.0000
379,2922.42,1333.52,NaN,NaN,NaN
380,2779.06,1548.35,2,5,2.5000
381,3089.59,1023.32,0,0,0.0000
382,3080.28,1096.45,NaN,NaN,NaN
383,2958.46,1018.84,0,0,0.0000
384,2675.37,1160.37,0,0,0.0000
385,2802.93,1575.10,0,0,0.0000
386,2744.07,1190.06,2,3,0.0000
387,3166.32,1161.12,NaN,NaN,NaN
388,2688.17,1131.88,0,0,0.0000
389,2526.83,1130.00,0,0,0.0000
390,3213.07,1125.07,3,6,2.0000
391,3201.24,1342.12,2,4,2.0000
392,3319.00,1251.98,0,0,0.0000
393,3222.74,1307.23,NaN,NaN,NaN
394,126.79,1875.73,2,1,0.0000
395,720.64,2338.80,2,3,0.0000
396,627.43,2150.63,NaN,NaN,NaN
397,777.16,2130.99,NaN,NaN,NaN
398,165.17,1959.21,0,0,0.0000
399,883.95,2170.08,0,0,0.0000
400,708.39,2244.36,0,0,0.0000
401,639.48,2345.12,2,5,2.5000
402,741.60,2183.02,2,2,0.0000
403,224.93,1827.96,0,0,0.0000
404,663.02,2078.01,2,9,4.5000
405,698.85,2410.77,NaN,NaN,NaN
406,801.26,2040.90,NaN,NaN,NaN
407,637.16,2290.61,NaN,NaN,NaN
408,220.54,2241.08,NaN,NaN,NaN
409,616.11,2418.78,3,5,0.0000
410,809.62,2099.71,0,0,0.0000
411,785.59,2286.15,NaN,NaN,NaN
412,568.74,2084.98,0,0,0.0000
413,805.80,2223.28,0,0,0.0000
414,172.11,2148.51,0,0,0.0000
415,852.53,2223.60,2,7,3.5000
416,596.94,2370.70,NaN,NaN,NaN
417,1644.01,1772.06,NaN,NaN,NaN
418,965.80,2210.39,NaN,NaN,NaN
419,925.93,2001.49,0,0,0.0000
420,1457.20,2353.35,NaN,NaN,NaN
421,968.75,2112.18,0,0,0.0000
422,1569.95,1885.87,0,0,0.0000
423,1150.06,2424.89,NaN,NaN,NaN
424,1153.78,1924.18,0,0,0.0000
425,1543.87,2414.21,NaN,NaN,NaN
426,1635.04,1850.47,NaN,NaN,NaN
427,1650.22,2389.56,0,0,0.0000
428,1005.45,2299.35,NaN,NaN,NaN
429,917.04,2285.61,0,0,0.0000
430,1059.19,2250.87,0,0,0.0000
431,1512.33,1887.78,0,0,0.0000
432,947.60,2335.25,NaN,NaN,NaN
433,1272.96,2167.85,0,0,0.0000
434,1602.44,1666.14,0,0,0.0000
435,1221.45,2171.08,NaN,NaN,NaN
436,1141.64,2200.46,NaN,NaN,NaN
437,903.44,2369.01,NaN,NaN,NaN
438,1209.13,2413.33,NaN,NaN,NaN
439,1418.75,2266.20,2,5,2.5000
440,912.73,2238.73,NaN,NaN,NaN
441,1089.10,2207.38,0,0,0.0000
442,1600.01,1719.24,NaN,NaN,NaN
443,1304.76,2365.43,0,0,0.0000
444,2385.46,1839.42,NaN,NaN,NaN
445,1860.93,1701.92,NaN,NaN,NaN
446,2120.24,1796.34,0,0,0.0000
447,1775.63,1789.24,NaN,NaN,NaN
448,1728.67,1836.67,NaN,NaN,NaN
449,1748.66,1710.56,4,3,0.0000
450,1780.43,1666.32,0,0,0.0000
451,1680.71,1885.93,2,5,2.5000
452,2115.60,1877.94,2,1,0.0000
453,1962.62,1696.64,NaN,NaN,NaN
454,1992.77,1806.48,0,0,0.0000
455,2011.90,1720.80,2,8,4.0000
456,2391.57,1968.24,NaN,NaN,NaN
457,2361.58,1937.75,NaN,NaN,NaN
458,2053.47,1913.58,0,0,0.0000
459,2297.58,1949.07,0,0,0.0000
460,2292.81,1859.90,0,0,0.0000
461,1858.06,1907.36,NaN,NaN,NaN
462,2280.58,1811.86,0,0,0.0000
463,1722.02,1982.76,0,0,0.0000
464,1776.22,1875.54,NaN,NaN,NaN
465,2091.48,1709.14,NaN,NaN,NaN
466,2244.38,1817.64,0,0,0.0000
467,2071.83,1802.84,0,0,0.0000
468,2033.57,1878.30,0,0,0.0000
469,2282.85,1897.36,0,0,0.0000
470,1827.65,1962.04,2,5,2.5000
471,1854.87,2331.88,NaN,NaN,NaN
472,1994.85,1850.35,0,0,0.0000
473,2838.93,2268.65,2,4,2.0000
474,3057.46,1757.48,0,0,0.0000
475,2614.50,2254.41,3,8,2.6667
476,2917.97,2026.06,2,6,3.0000
477,2665.90,1887.69,NaN,NaN,NaN
478,3167.74,1695.60,0,0,0.0000
479,2512.10,1923.68,0,0,0.0000
480,2809.71,2092.08,NaN,NaN,NaN
481,3092.79,1899.77,0,0,0.0000
482,2810.37,1996.34,NaN,NaN,NaN
483,2774.11,2426.63,3,4,0.0000
484,2969.50,2162.24,NaN,NaN,NaN
485,2692.34,1805.62,NaN,NaN,NaN
486,2941.63,1826.49,NaN,NaN,NaN
487,2505.89,1719.10,NaN,NaN,NaN
488,2953.37,2234.69,NaN,NaN,NaN
489,2732.81,2115.23,NaN,NaN,NaN
490,3039.66,2305.93,0,0,0.0000
491,3039.54,2161.28,NaN,NaN,NaN
492,2592.57,1943.26,0,0,0.0000
493,2868.86,1905.44,2,5,2.5000
494,2583.57,2074.34,2,7,3.5000
495,2445.05,1834.71,NaN,NaN,NaN
496,2658.76,2171.49,3,6,2.0000
497,2561.59,2024.91,0,0,0.0000
498,3004.48,1922.86,0,0,0.0000
499,2785.43,1757.53,3,4,0.0000
500,2729.77,1926.05,NaN,NaN,NaN
501,2877.15,1673.84,2,5,2.5000
502,2612.71,1754.38,NaN,NaN,NaN
503,2437.45,1998.30,3,5,0.0000
504,3085.84,2372.09,NaN,NaN,NaN
505,2516.62,2223.63,3,4,0.0000
506,2827.76,1827.23,2,8,4.0000
507,2742.89,2292.78,7,14,2.0000
508,3076.91,2010.65,NaN,NaN,NaN
509,2788.90,1940.13,2,2,0.0000
510,2564.25,2190.88,0,0,0.0000
511,2486.18,2003.28,0,0,0.0000
512,2862.63,1754.48,2,3,0.0000
513,2518.13,1799.06,0,0,0.0000
514,3058.26,2078.58,NaN,NaN,NaN
515,2935.50,1727.75,0,0,0.0000
516,2632.11,2107.53,NaN,NaN,NaN
517,2685.01,2294.69,0,0,0.0000
518,2827.72,1694.75,NaN,NaN,NaN
519,2726.20,1724.76,NaN,NaN,NaN
520,2556.87,1743.80,NaN,NaN,NaN
521,2950.68,1913.26,NaN,NaN,NaN
522,2878.95,2108.87,NaN,NaN,NaN
523,2577.56,1809.74,2,4,2.0000
524,2931.82,2411.08,0,0,0.0000
525,2678.11,1744.17,0,0,0.0000
526,2758.19,1843.81,2,9,4.5000
527,2907.10,2156.14,0,0,0.0000
528,2821.40,2394.11,3,6,2.0000
529,764.26,2918.06,NaN,NaN,NaN
530,839.77,2857.41,NaN,NaN,NaN
531,833.75,2631.12,NaN,NaN,NaN
532,747.68,3168.94,NaN,NaN,NaN
533,865.10,2732.71,NaN,NaN,NaN
534,502.82,2608.56,0,0,0.0000
535,702.27,2850.29,NaN,NaN,NaN
536,827.68,2537.50,0,0,0.0000
537,579.67,2907.35,2,3,0.0000
538,663.15,2467.27,NaN,NaN,NaN
539,837.97,3026.23,2,3,0.0000
540,759.86,2801.58,0,0,0.0000
541,855.33,2948.30,NaN,NaN,NaN
542,682.46,3190.12,NaN,NaN,NaN
543,684.52,2549.99,NaN,NaN,NaN
544,754.00,2681.01,NaN,NaN,NaN
545,512.39,2867.29,NaN,NaN,NaN
546,555.32,2574.62,NaN,NaN,NaN
547,767.36,3037.86,0,0,0.0000
548,612.73,2672.14,0,0,0.0000
549,887.62,2637.80,NaN,NaN,NaN
550,710.18,2756.17,NaN,NaN,NaN
551,791.56,3080.82,NaN,NaN,NaN
552,686.29,2695.93,2,4,2.0000
553,655.02,2761.73,NaN,NaN,NaN
554,617.32,2597.46,0,0,0.0000
555,651.47,2888.88,0,0,0.0000
556,621.32,3080.71,4,4,0.0000
557,894.77,3111.44,NaN,NaN,NaN
558,768.44,2581.16,0,0,0.0000
559,519.88,2811.20,NaN,NaN,NaN
560,712.19,2969.00,NaN,NaN,NaN
561,616.41,2804.84,NaN,NaN,NaN
562,670.90,2598.19,NaN,NaN,NaN
563,874.69,3174.86,3,2,0.0000
564,799.83,2754.47,NaN,NaN,NaN
565,821.93,3137.48,NaN,NaN,NaN
566,891.72,2997.03,NaN,NaN,NaN
567,760.47,2732.73,NaN,NaN,NaN
568,844.02,3166.47,NaN,NaN,NaN
569,776.17,2630.61,0,0,0.0000
570,857.84,3087.89,NaN,NaN,NaN
571,765.95,3000.77,NaN,NaN,NaN
572,672.33,2801.55,NaN,NaN,NaN
573,1526.66,2707.71,NaN,NaN,NaN
574,1435.85,2507.80,2,7,3.5000
575,1384.28,2655.29,0,0,0.0000
576,1482.20,3179.60,0,0,0.0000
577,1328.09,2796.98,0,0,0.0000
578,1072.18,2593.90,NaN,NaN,NaN
579,1591.27,2541.21,NaN,NaN,NaN
580,1259.26,2581.44,NaN,NaN,NaN
581,1262.32,2935.98,2,2,0.0000
582,1172.49,2750.30,0,0,0.0000
583,1345.96,2883.27,2,8,4.0000
584,1065.34,3047.56,0,0,0.0000
585,1412.68,2773.86,0,0,0.0000
586,1238.36,2780.35,NaN,NaN,NaN
587,957.88,2858.37,0,0,0.0000
588,952.25,2706.36,NaN,NaN,NaN
589,954.06,3104.67,NaN,NaN,NaN
590,1173.64,3000.81,NaN,NaN,NaN
591,1077.57,3145.88,3,7,2.3333
592,1040.03,2687.55,NaN,NaN,NaN
593,1102.35,2885.30,NaN,NaN,NaN
594,1333.42,3133.81,NaN,NaN,NaN
595,1041.86,2795.09,NaN,NaN,NaN
596,1217.92,2490.46,NaN,NaN,NaN
597,1177.41,3093.45,0,0,0.0000
598,1322.45,2702.71,0,0,0.0000
599,1230.60,2655.42,0,0,0.0000
600,1440.09,2432.79,0,0,0.0000
601,1109.53,2814.19,NaN,NaN,NaN
602,1256.02,3136.75,2,6,3.0000
603,1350.69,2552.26,0,0,0.0000
604,1169.50,2677.35,0,0,0.0000
605,1623.75,2701.02,0,0,0.0000
606,1198.03,2892.73,NaN,NaN,NaN
607,1024.79,2538.56,NaN,NaN,NaN
608,1151.36,3184.36,NaN,NaN,NaN
609,1091.44,2968.19,0,0,0.0000
610,1370.79,3016.65,NaN,NaN,NaN
611,1487.24,3063.66,3,13,4.3333
612,1156.31,2556.10,NaN,NaN,NaN
613,1024.70,2980.05,0,0,0.0000
614,990.61,2935.28,0,0,0.0000
615,900.74,2810.41,0,0,0.0000
616,1267.12,2462.29,NaN,NaN,NaN
617,1025.60,2473.92,0,0,0.0000
618,1660.50,2833.05,NaN,NaN,NaN
619,979.95,3020.47,0,0,0.0000
620,1124.20,2524.57,NaN,NaN,NaN
621,936.61,2775.25,0,0,0.0000
622,952.47,2602.64,0,0,0.0000
623,1557.72,2492.04,NaN,NaN,NaN
624,1494.15,2799.17,0,0,0.0000
625,1282.49,3191.45,2,2,0.0000
626,1139.15,2628.25,0,0,0.0000
627,910.95,2653.37,NaN,NaN,NaN
628,1454.90,2877.29,2,11,5.5000
629,1164.14,2492.36,NaN,NaN,NaN
630,1086.07,2753.56,NaN,NaN,NaN
631,1032.00,2854.66,NaN,NaN,NaN
632,1522.03,2840.23,0,0,0.0000
633,972.72,2651.15,NaN,NaN,NaN
634,1120.22,2482.11,NaN,NaN,NaN
635,1003.60,2511.61,0,0,0.0000
636,1326.39,2583.97,0,0,0.0000
637,1099.19,2439.11,0,0,0.0000
638,1058.83,2639.12,0,0,0.0000
639,1075.98,2554.03,NaN,NaN,NaN
640,1030.13,2899.09,NaN,NaN,NaN
641,919.79,3039.78,NaN,NaN,NaN
642,1025.06,2740.14,NaN,NaN,NaN
643,946.47,2943.50,0,0,0.0000
644,1141.73,2929.52,2,3,0.0000
645,1853.13,3052.95,3,3,0.0000
646,1842.31,3122.78,NaN,NaN,NaN
647,1790.40,3128.18,NaN,NaN,NaN
648,1711.30,2833.53,NaN,NaN,NaN
649,1825.31,3181.84,0,0,0.0000
650,2875.22,2436.60,3,2,0.0000
651,2801.60,2517.49,2,2,0.0000
652,2707.44,2603.56,NaN,NaN,NaN
653,2710.91,2498.71,NaN,NaN,NaN
654,2696.26,2454.67,NaN,NaN,NaN
655,2756.01,2519.54,0,0,0.0000
656,2774.93,2588.30,NaN,NaN,NaN
657,2707.40,2656.67,NaN,NaN,NaN
658,2970.52,2447.94,0,0,0.0000
659,2748.30,2665.82,NaN,NaN,NaN
660,2608.52,2590.79,2,2,0.0000
661,4081.45,2570.72,0,0,0.0000
662,4083.47,2608.70,0,0,0.0000
663,735.95,3229.96,NaN,NaN,NaN
664,809.82,3276.57,NaN,NaN,NaN
665,840.07,3335.41,NaN,NaN,NaN
666,821.30,3201.92,0,0,0.0000
667,813.85,3236.74,0,0,0.0000
668,1542.59,3367.71,0,0,0.0000
669,1335.16,3275.79,2,3,0.0000
670,1227.69,3402.55,2,2,0.0000
671,1431.50,3423.20,4,2,0.0000
672,969.83,3289.24,NaN,NaN,NaN
673,922.55,3216.48,NaN,NaN,NaN
674,1304.91,3618.41,0,0,0.0000
675,1575.29,3706.87,2,3,0.0000
676,1528.48,3500.56,NaN,NaN,NaN
677,1099.22,3248.63,NaN,NaN,NaN
678,1306.53,3454.83,NaN,NaN,NaN
679,1489.94,3596.26,3,7,2.3333
680,1405.28,3648.63,NaN,NaN,NaN
681,1139.97,3362.14,4,6,0.0000
682,1558.92,3775.51,0,0,0.0000
683,1190.36,3276.48,0,0,0.0000
684,1396.24,3556.26,NaN,NaN,NaN
685,1091.26,3429.80,0,0,0.0000
686,1172.86,3530.60,0,0,0.0000
687,1658.64,3778.60,0,0,0.0000
688,1070.41,3293.72,NaN,NaN,NaN
689,1646.31,3512.30,3,6,2.0000
690,1575.47,3216.48,0,0,0.0000
691,1427.93,3484.71,0,0,0.0000
692,942.09,3355.17,2,4,2.0000
693,1086.33,3380.05,NaN,NaN,NaN
694,1323.87,3537.04,NaN,NaN,NaN
695,1117.94,3536.17,3,5,0.0000
696,1385.52,3483.24,0,0,0.0000
697,1364.27,3604.69,NaN,NaN,NaN
698,1408.85,3319.25,NaN,NaN,NaN
699,1432.33,3697.39,NaN,NaN,NaN
700,996.79,3424.90,0,0,0.0000
701,1463.62,3332.33,0,0,0.0000
702,1013.22,3203.24,NaN,NaN,NaN
703,1348.66,3386.26,NaN,NaN,NaN
704,1017.46,3350.50,NaN,NaN,NaN
705,1374.01,3686.12,0,0,0.0000
706,1444.07,3536.50,0,0,0.0000
707,1639.19,3658.89,NaN,NaN,NaN
708,1252.27,3521.83,NaN,NaN,NaN
709,1034.69,3454.06,NaN,NaN,NaN
710,1229.63,3557.57,NaN,NaN,NaN
711,1299.48,3499.31,NaN,NaN,NaN
712,1057.74,3334.79,0,0,0.0000
713,1322.62,3201.80,NaN,NaN,NaN
714,1286.53,3241.62,2,1,0.0000
715,1154.97,3317.39,2,3,0.0000
716,903.99,3360.58,NaN,NaN,NaN
717,1306.54,3717.62,0,0,0.0000
718,1507.73,3690.39,3,9,3.0000
719,1539.46,3464.23,NaN,NaN,NaN
720,1895.89,3623.77,NaN,NaN,NaN
721,1918.23,3384.76,NaN,NaN,NaN
722,1944.83,3675.92,3,4,0.0000
723,1739.16,3612.69,2,2,0.0000
724,1846.25,3664.76,2,6,3.0000
725,1693.12,3474.59,0,0,0.0000
726,1801.32,3615.89,2,9,4.5000
727,1836.98,3610.08,0,0,0.0000
728,1924.17,3590.89,NaN,NaN,NaN
729,1883.16,3563.78,0,0,0.0000
730,1711.27,3648.19,NaN,NaN,NaN
731,1828.39,3384.67,2,2,0.0000
732,1827.01,3416.10,3,2,0.0000
733,1900.81,3682.61,NaN,NaN,NaN
734,1876.58,3333.30,NaN,NaN,NaN
735,3606.32,3422.71,NaN,NaN,NaN
736,3693.87,3313.06,0,0,0.0000
737,3660.87,3356.72,0,0,0.0000
